{
  "users": [
    {
      "email": "tuanndph16237@fpt.edu.vn",
      "password": "tuan12345",
      "phone": "0858891363",
      "id": 1
    }
  ],
  "products": [
    {
      "name": "Điện thoại Samsung Galaxy A32",
      "originalPrice": "6.490.000",
      "id": 1
    },
    {
      "name": "Điện thoại Realme C35 4GB/64GB",
      "originalPrice": "4.290.000",
      "id": 2
    },
    {
      "name": "Điện thoại Xiaomi Redmi 10",
      "originalPrice": "3.629.000",
      "id": 3
    },
    {
      "name": "Điện Thoại Samsung Galaxy A52s 5G",
      "originalPrice": "5000000",
      "image": "http://res.cloudinary.com/dv3vzmogk/image/upload/v1658159778/anhhtus/eq1xvqiaaqlav4v5ylcc.jpg",
      "id": 4
    },
    {
      "shortDescription": "dfafasfsf",
      "name": "preorder-area",
      "price": "1212",
      "sale": "1212",
      "feature": "fafaf",
      "description": "fsdfdsf",
      "id": 5
    }
  ],
  "category": [
    {
      "name": "Điện thoại",
      "id": "1"
    },
    {
      "name": "Máy tính bảng",
      "id": "2"
    },
    {
      "name": "Laptop",
      "id": "3"
    },
    {
      "name": "Phụ kiện",
      "id": "4"
    }
  ]
}